Workbook

Sheet Read Me
B6: The Enquiry Register
B7: by REMC
B8: Your master log of every enquiry. The project reference here is the link to The Estimator.
B11: How it works
B12: 1. Log every enquiry | C12: When you get an enquiry — by phone, email, walk-in — open the Register and add a row. Even the ones you're unlikely to win. Especially those ones.
B13: 2. Give it a project reference | C13: Use a consistent naming pattern (see below). This reference goes into The Estimator when you quote, into your file names, and onto your invoices. One ID, everywhere.
B14: 3. Fill in what you know | C14: Client name, contact details, what the job is, when you sent the quote, the quote value. Some columns calculate themselves.
B15: 4. Set the status | C15: In tender (still pricing it up), Submitted (quote sent), Won (you got the job), Lost (someone else got it). The rows colour themselves accordingly.
B16: 5. Watch the Dashboard | C16: The Dashboard tab gives you a live overview — pipeline value, win rate, what's overdue. Open the workbook in the morning, scan it, get on with the day.
B17: 6. Chase up at the right time | C17: The Chase-up date auto-fills as 2 weeks after Submission Date. When it turns red, it's overdue — pick up the phone.
B18: 7. Add notes as you go | C18: The Comments column is for anything that helps future-you remember the context. Why they wanted it. What they pushed back on. Whether they're a tyre-kicker.
B20: NAMING YOUR PROJECT REFERENCES
B21: Use a consistent pattern. It saves hours of "which job was that again?" later. Pick ONE pattern and stick to it.
B22: REMC-2026-001 | D22: Your initials, year, three-digit job number. Simple, sortable, scales for years.
B23: JS-PARKVIEW-001 | D23: Your initials, an abbreviation of the client or site, sequential number. Useful when you do repeat work for the same builder.
B24: 2026-001-ELEC | D24: Year-first, sequential, with a trade tag at the end. Handy if you ever expand into other trades.
B26: The point isn't which pattern. The point is using ONE pattern. Don't mix and match.
B28: Built by REMC Ltd — outsourced estimating for electrical contractors

Sheet Dashboard
B2: Dashboard
B3: Live pipeline overview · refreshes every time you open the workbook
B5: PIPELINE
B8: TOTAL ENQUIRIES | F8: IN TENDER | J8: SUBMITTED · WAITING | N8: CHASE-UPS OVERDUE
B9: =COUNTA(Register!$B$7:$B$66) -> 0 | F9: =COUNTIF(Register!$K$7:$K$66,"In tender") -> 0 | J9: =COUNTIF(Register!$K$7:$K$66,"Submitted") -> 0 | N9: =SUMPRODUCT((Register!$K$7:$K$66="Submitted")*(Register!$J$7:$J$66<>"")*(Register!$J$7:$J$66<TODAY())) -> 0
B12: OUTCOMES
B15: WON | F15: LOST | J15: WIN RATE | N15: AVG QUOTE VALUE
B16: =COUNTIF(Register!$K$7:$K$66,"Won") -> 0 | F16: =COUNTIF(Register!$K$7:$K$66,"Lost") -> 0 | J16: =IFERROR(COUNTIF(Register!$K$7:$K$66,"Won")/(COUNTIF(Register!$K$7:$K$66,"Won")+COUNTIF(Register!$K$7:$K$66,"Lost")),0) -> 0 | N16: =IFERROR(AVERAGEIFS(Register!$I$7:$I$66,Register!$I$7:$I$66,">0"),0) -> 0
B19: MONEY
B22: OPEN PIPELINE | F22: VALUE WON | J22: VALUE LOST | N22: HIT RATE (£)
B23: =SUMIFS(Register!$I$7:$I$66,Register!$K$7:$K$66,"Submitted") -> 0 | F23: =SUMIFS(Register!$I$7:$I$66,Register!$K$7:$K$66,"Won") -> 0 | J23: =SUMIFS(Register!$I$7:$I$66,Register!$K$7:$K$66,"Lost") -> 0 | N23: =IFERROR(SUMIFS(Register!$I$7:$I$66,Register!$K$7:$K$66,"Won")/(SUMIFS(Register!$I$7:$I$66,Register!$K$7:$K$66,"Won")+SUMIFS(Register!$I$7:$I$66,Register!$K$7:$K$66,"Lost")),0) -> 0
B26: All figures pull from the Register tab. Update the Status column there and these numbers update instantly.

Sheet Register
B2: Enquiry Register
B3: Every enquiry, every status, every chase-up — in one place.
C5: e.g. REMC-2026-001 | D5: Who's paying | E5: Day-to-day contact | H5: Short job description | I5: When you sent the quote | J5: Quote total (ex VAT) | K5: Auto: +14 days | L5: Pick from list | M5: Anything useful
B6: PROJECT REF | C6: CLIENT | D6: CONTACT NAME | E6: EMAIL | F6: PHONE | G6: PROJECT | H6: SUBMITTED | I6: VALUE | J6: CHASE-UP | K6: STATUS | L6: COMMENTS
J7: =IF(H7="","",H7+14)
J8: =IF(H8="","",H8+14)
J9: =IF(H9="","",H9+14)
J10: =IF(H10="","",H10+14)
J11: =IF(H11="","",H11+14)
J12: =IF(H12="","",H12+14)
J13: =IF(H13="","",H13+14)
J14: =IF(H14="","",H14+14)
J15: =IF(H15="","",H15+14)
J16: =IF(H16="","",H16+14)
J17: =IF(H17="","",H17+14)
J18: =IF(H18="","",H18+14)
... J66: =IF(H66="","",H66+14)
B68: STATUS COLOURS
B69: In tender | D69: Submitted | F69: Won | H69: Lost | J69: Chase overdue
B70: The Chase-up date auto-calculates as Submission Date + 14 days. When that date passes and Status is still 'Submitted', the row turns red — chase that day.
